{
  "meta": {
    "description": "Map MSA to primary state for tax purposes. For multi-state MSAs, uses the primary state (where the named city is)"
  },
  "data": {
    "New York-Newark-Jersey City, NY-NJ-PA": "NY",
    "Los Angeles-Long Beach-Anaheim, CA": "CA",
    "Chicago-Naperville-Elgin, IL-IN-WI": "IL",
    "Dallas-Fort Worth-Arlington, TX": "TX",
    "Houston-The Woodlands-Sugar Land, TX": "TX",
    "Washington-Arlington-Alexandria, DC-VA-MD-WV": "DC",
    "Miami-Fort Lauderdale-Pompano Beach, FL": "FL",
    "Philadelphia-Camden-Wilmington, PA-NJ-DE-MD": "PA",
    "Atlanta-Sandy Springs-Alpharetta, GA": "GA",
    "Boston-Cambridge-Newton, MA-NH": "MA",
    "Phoenix-Mesa-Chandler, AZ": "AZ",
    "San Francisco-Oakland-Berkeley, CA": "CA",
    "Riverside-San Bernardino-Ontario, CA": "CA",
    "Detroit-Warren-Dearborn, MI": "MI",
    "Seattle-Tacoma-Bellevue, WA": "WA",
    "Minneapolis-St. Paul-Bloomington, MN-WI": "MN",
    "San Diego-Chula Vista-Carlsbad, CA": "CA",
    "Tampa-St. Petersburg-Clearwater, FL": "FL",
    "Denver-Aurora-Lakewood, CO": "CO",
    "St. Louis, MO-IL": "MO",
    "Baltimore-Columbia-Towson, MD": "MD",
    "Orlando-Kissimmee-Sanford, FL": "FL",
    "Charlotte-Concord-Gastonia, NC-SC": "NC",
    "San Antonio-New Braunfels, TX": "TX",
    "Portland-Vancouver-Hillsboro, OR-WA": "OR",
    "Sacramento-Roseville-Folsom, CA": "CA",
    "Pittsburgh, PA": "PA",
    "Las Vegas-Henderson-Paradise, NV": "NV",
    "Austin-Round Rock-Georgetown, TX": "TX",
    "Cincinnati, OH-KY-IN": "OH",
    "Kansas City, MO-KS": "MO",
    "Columbus, OH": "OH",
    "Indianapolis-Carmel-Anderson, IN": "IN",
    "Cleveland-Elyria, OH": "OH",
    "San Jose-Sunnyvale-Santa Clara, CA": "CA",
    "Nashville-Davidson-Murfreesboro-Franklin, TN": "TN",
    "Virginia Beach-Norfolk-Newport News, VA-NC": "VA",
    "Providence-Warwick, RI-MA": "RI",
    "Milwaukee-Waukesha, WI": "WI",
    "Jacksonville, FL": "FL",
    "Memphis, TN-MS-AR": "TN",
    "Oklahoma City, OK": "OK",
    "Louisville/Jefferson County, KY-IN": "KY",
    "Hartford-East Hartford-Middletown, CT": "CT",
    "Richmond, VA": "VA",
    "New Orleans-Metairie, LA": "LA",
    "Buffalo-Cheektowaga, NY": "NY",
    "Raleigh-Cary, NC": "NC",
    "Birmingham-Hoover, AL": "AL",
    "Salt Lake City, UT": "UT",
    "Honolulu, HI": "HI",
    "Tucson, AZ": "AZ",
    "Fresno, CA": "CA",
    "Albuquerque, NM": "NM",
    "Omaha-Council Bluffs, NE-IA": "NE",
    "Bakersfield, CA": "CA",
    "default": null
  }
}
