{
  "100": "New York-Newark-Jersey City, NY-NJ-PA",
  "101": "New York-Newark-Jersey City, NY-NJ-PA",
  "102": "New York-Newark-Jersey City, NY-NJ-PA",
  "103": "New York-Newark-Jersey City, NY-NJ-PA",
  "104": "New York-Newark-Jersey City, NY-NJ-PA",
  "105": "New York-Newark-Jersey City, NY-NJ-PA",
  "106": "New York-Newark-Jersey City, NY-NJ-PA",
  "107": "New York-Newark-Jersey City, NY-NJ-PA",
  "108": "New York-Newark-Jersey City, NY-NJ-PA",
  "109": "New York-Newark-Jersey City, NY-NJ-PA",
  "110": "New York-Newark-Jersey City, NY-NJ-PA",
  "111": "New York-Newark-Jersey City, NY-NJ-PA",
  "112": "New York-Newark-Jersey City, NY-NJ-PA",
  "113": "New York-Newark-Jersey City, NY-NJ-PA",
  "114": "New York-Newark-Jersey City, NY-NJ-PA",
  "070": "New York-Newark-Jersey City, NY-NJ-PA",
  "071": "New York-Newark-Jersey City, NY-NJ-PA",
  "072": "New York-Newark-Jersey City, NY-NJ-PA",
  "073": "New York-Newark-Jersey City, NY-NJ-PA",
  "074": "New York-Newark-Jersey City, NY-NJ-PA",
  "075": "New York-Newark-Jersey City, NY-NJ-PA",
  "076": "New York-Newark-Jersey City, NY-NJ-PA",
  "077": "New York-Newark-Jersey City, NY-NJ-PA",
  "078": "New York-Newark-Jersey City, NY-NJ-PA",
  "079": "New York-Newark-Jersey City, NY-NJ-PA",
  "900": "Los Angeles-Long Beach-Anaheim, CA",
  "901": "Los Angeles-Long Beach-Anaheim, CA",
  "902": "Beverly Hills, CA",
  "903": "Los Angeles-Long Beach-Anaheim, CA",
  "904": "Los Angeles-Long Beach-Anaheim, CA",
  "905": "Los Angeles-Long Beach-Anaheim, CA",
  "906": "Los Angeles-Long Beach-Anaheim, CA",
  "907": "Los Angeles-Long Beach-Anaheim, CA",
  "908": "Los Angeles-Long Beach-Anaheim, CA",
  "910": "Los Angeles-Long Beach-Anaheim, CA",
  "911": "Los Angeles-Long Beach-Anaheim, CA",
  "912": "Los Angeles-Long Beach-Anaheim, CA",
  "913": "Los Angeles-Long Beach-Anaheim, CA",
  "914": "Los Angeles-Long Beach-Anaheim, CA",
  "915": "Los Angeles-Long Beach-Anaheim, CA",
  "916": "Los Angeles-Long Beach-Anaheim, CA",
  "917": "Los Angeles-Long Beach-Anaheim, CA",
  "918": "Los Angeles-Long Beach-Anaheim, CA",
  "926": "Los Angeles-Long Beach-Anaheim, CA",
  "927": "Los Angeles-Long Beach-Anaheim, CA",
  "928": "Los Angeles-Long Beach-Anaheim, CA",
  "606": "Chicago-Naperville-Elgin, IL-IN-WI",
  "600": "Chicago-Naperville-Elgin, IL-IN-WI",
  "601": "Chicago-Naperville-Elgin, IL-IN-WI",
  "602": "Chicago-Naperville-Elgin, IL-IN-WI",
  "603": "Chicago-Naperville-Elgin, IL-IN-WI",
  "604": "Chicago-Naperville-Elgin, IL-IN-WI",
  "605": "Chicago-Naperville-Elgin, IL-IN-WI",
  "750": "Dallas-Fort Worth-Arlington, TX",
  "751": "Dallas-Fort Worth-Arlington, TX",
  "752": "Dallas-Fort Worth-Arlington, TX",
  "753": "Dallas-Fort Worth-Arlington, TX",
  "754": "Dallas-Fort Worth-Arlington, TX",
  "760": "Dallas-Fort Worth-Arlington, TX",
  "761": "Dallas-Fort Worth-Arlington, TX",
  "762": "Dallas-Fort Worth-Arlington, TX",
  "770": "Houston-The Woodlands-Sugar Land, TX",
  "771": "Houston-The Woodlands-Sugar Land, TX",
  "772": "Houston-The Woodlands-Sugar Land, TX",
  "773": "Houston-The Woodlands-Sugar Land, TX",
  "774": "Houston-The Woodlands-Sugar Land, TX",
  "775": "Houston-The Woodlands-Sugar Land, TX",
  "200": "Washington-Arlington-Alexandria, DC-VA-MD-WV",
  "201": "Washington-Arlington-Alexandria, DC-VA-MD-WV",
  "202": "Washington-Arlington-Alexandria, DC-VA-MD-WV",
  "203": "Washington-Arlington-Alexandria, DC-VA-MD-WV",
  "204": "Washington-Arlington-Alexandria, DC-VA-MD-WV",
  "205": "Washington-Arlington-Alexandria, DC-VA-MD-WV",
  "220": "Washington-Arlington-Alexandria, DC-VA-MD-WV",
  "221": "Washington-Arlington-Alexandria, DC-VA-MD-WV",
  "222": "Washington-Arlington-Alexandria, DC-VA-MD-WV",
  "330": "Miami-Fort Lauderdale-Pompano Beach, FL",
  "331": "Miami-Fort Lauderdale-Pompano Beach, FL",
  "332": "Miami-Fort Lauderdale-Pompano Beach, FL",
  "333": "Miami-Fort Lauderdale-Pompano Beach, FL",
  "334": "Miami-Fort Lauderdale-Pompano Beach, FL",
  "190": "Philadelphia-Camden-Wilmington, PA-NJ-DE-MD",
  "191": "Philadelphia-Camden-Wilmington, PA-NJ-DE-MD",
  "192": "Philadelphia-Camden-Wilmington, PA-NJ-DE-MD",
  "193": "Philadelphia-Camden-Wilmington, PA-NJ-DE-MD",
  "194": "Philadelphia-Camden-Wilmington, PA-NJ-DE-MD",
  "080": "Philadelphia-Camden-Wilmington, PA-NJ-DE-MD",
  "081": "Philadelphia-Camden-Wilmington, PA-NJ-DE-MD",
  "300": "Atlanta-Sandy Springs-Alpharetta, GA",
  "301": "Atlanta-Sandy Springs-Alpharetta, GA",
  "302": "Atlanta-Sandy Springs-Alpharetta, GA",
  "303": "Atlanta-Sandy Springs-Alpharetta, GA",
  "304": "Atlanta-Sandy Springs-Alpharetta, GA",
  "305": "Atlanta-Sandy Springs-Alpharetta, GA",
  "306": "Atlanta-Sandy Springs-Alpharetta, GA",
  "021": "Boston-Cambridge-Newton, MA-NH",
  "020": "Boston-Cambridge-Newton, MA-NH",
  "022": "Boston-Cambridge-Newton, MA-NH",
  "023": "Boston-Cambridge-Newton, MA-NH",
  "024": "Boston-Cambridge-Newton, MA-NH",
  "017": "Boston-Cambridge-Newton, MA-NH",
  "018": "Boston-Cambridge-Newton, MA-NH",
  "019": "Boston-Cambridge-Newton, MA-NH",
  "850": "Phoenix-Mesa-Chandler, AZ",
  "851": "Phoenix-Mesa-Chandler, AZ",
  "852": "Phoenix-Mesa-Chandler, AZ",
  "853": "Phoenix-Mesa-Chandler, AZ",
  "941": "San Francisco-Oakland-Berkeley, CA",
  "940": "San Francisco-Oakland-Berkeley, CA",
  "942": "San Francisco-Oakland-Berkeley, CA",
  "943": "San Francisco-Oakland-Berkeley, CA",
  "944": "San Francisco-Oakland-Berkeley, CA",
  "945": "San Francisco-Oakland-Berkeley, CA",
  "946": "San Francisco-Oakland-Berkeley, CA",
  "947": "San Francisco-Oakland-Berkeley, CA",
  "480": "Detroit-Warren-Dearborn, MI",
  "481": "Detroit-Warren-Dearborn, MI",
  "482": "Detroit-Warren-Dearborn, MI",
  "483": "Detroit-Warren-Dearborn, MI",
  "980": "Seattle-Tacoma-Bellevue, WA",
  "981": "Seattle-Tacoma-Bellevue, WA",
  "982": "Seattle-Tacoma-Bellevue, WA",
  "983": "Seattle-Tacoma-Bellevue, WA",
  "984": "Seattle-Tacoma-Bellevue, WA",
  "782": "San Antonio-New Braunfels, TX",
  "780": "San Antonio-New Braunfels, TX",
  "781": "San Antonio-New Braunfels, TX",
  "800": "Denver-Aurora-Lakewood, CO",
  "801": "Denver-Aurora-Lakewood, CO",
  "802": "Denver-Aurora-Lakewood, CO",
  "803": "Denver-Aurora-Lakewood, CO",
  "804": "Denver-Aurora-Lakewood, CO",
  "919": "San Diego-Chula Vista-Carlsbad, CA",
  "920": "San Diego-Chula Vista-Carlsbad, CA",
  "921": "San Diego-Chula Vista-Carlsbad, CA",
  "553": "Minneapolis-St. Paul-Bloomington, MN-WI",
  "554": "Minneapolis-St. Paul-Bloomington, MN-WI",
  "555": "Minneapolis-St. Paul-Bloomington, MN-WI",
  "336": "Tampa-St. Petersburg-Clearwater, FL",
  "335": "Tampa-St. Petersburg-Clearwater, FL",
  "337": "Tampa-St. Petersburg-Clearwater, FL",
  "786": "Austin-Round Rock-Georgetown, TX",
  "787": "Austin-Round Rock-Georgetown, TX",
  "970": "Portland-Vancouver-Hillsboro, OR-WA",
  "971": "Portland-Vancouver-Hillsboro, OR-WA",
  "972": "Portland-Vancouver-Hillsboro, OR-WA",
  "950": "San Jose-Sunnyvale-Santa Clara, CA",
  "951": "San Jose-Sunnyvale-Santa Clara, CA",
  "841": "Salt Lake City, UT",
  "840": "Salt Lake City, UT",
  "891": "Las Vegas-Henderson-Paradise, NV",
  "890": "Las Vegas-Henderson-Paradise, NV",
  "967": "Honolulu, HI",
  "968": "Honolulu, HI",
  "328": "Orlando-Kissimmee-Sanford, FL",
  "327": "Orlando-Kissimmee-Sanford, FL",
  "347": "Orlando-Kissimmee-Sanford, FL",
  "276": "Raleigh-Cary, NC",
  "277": "Raleigh-Cary, NC",
  "370": "Nashville-Davidson-Murfreesboro-Franklin, TN",
  "371": "Nashville-Davidson-Murfreesboro-Franklin, TN",
  "372": "Nashville-Davidson-Murfreesboro-Franklin, TN",
  "280": "Charlotte-Concord-Gastonia, NC-SC",
  "281": "Charlotte-Concord-Gastonia, NC-SC",
  "282": "Charlotte-Concord-Gastonia, NC-SC",
  "460": "Indianapolis-Carmel-Anderson, IN",
  "461": "Indianapolis-Carmel-Anderson, IN",
  "462": "Indianapolis-Carmel-Anderson, IN",
  "430": "Columbus, OH",
  "431": "Columbus, OH",
  "432": "Columbus, OH",
  "433": "Columbus, OH",
  "440": "Cleveland-Elyria, OH",
  "441": "Cleveland-Elyria, OH",
  "442": "Cleveland-Elyria, OH",
  "450": "Cincinnati, OH-KY-IN",
  "451": "Cincinnati, OH-KY-IN",
  "452": "Cincinnati, OH-KY-IN",
  "150": "Pittsburgh, PA",
  "151": "Pittsburgh, PA",
  "152": "Pittsburgh, PA",
  "640": "Kansas City, MO-KS",
  "641": "Kansas City, MO-KS",
  "660": "Kansas City, MO-KS",
  "661": "Kansas City, MO-KS",
  "630": "St. Louis, MO-IL",
  "631": "St. Louis, MO-IL",
  "633": "St. Louis, MO-IL",
  "210": "Baltimore-Columbia-Towson, MD",
  "211": "Baltimore-Columbia-Towson, MD",
  "212": "Baltimore-Columbia-Towson, MD",
  "530": "Milwaukee-Waukesha, WI",
  "531": "Milwaukee-Waukesha, WI",
  "532": "Milwaukee-Waukesha, WI",
  "956": "Sacramento-Roseville-Folsom, CA",
  "957": "Sacramento-Roseville-Folsom, CA",
  "958": "Sacramento-Roseville-Folsom, CA",
  "925": "Riverside-San Bernardino-Ontario, CA",
  "923": "Riverside-San Bernardino-Ontario, CA",
  "924": "Riverside-San Bernardino-Ontario, CA",
  "322": "Jacksonville, FL",
  "320": "Jacksonville, FL",
  "730": "Oklahoma City, OK",
  "731": "Oklahoma City, OK",
  "380": "Memphis, TN-MS-AR",
  "381": "Memphis, TN-MS-AR",
  "382": "Memphis, TN-MS-AR",
  "400": "Louisville/Jefferson County, KY-IN",
  "401": "Louisville/Jefferson County, KY-IN",
  "402": "Louisville/Jefferson County, KY-IN",
  "230": "Richmond, VA",
  "231": "Richmond, VA",
  "232": "Richmond, VA",
  "700": "New Orleans-Metairie, LA",
  "701": "New Orleans-Metairie, LA",
  "060": "Hartford-East Hartford-Middletown, CT",
  "061": "Hartford-East Hartford-Middletown, CT",
  "028": "Providence-Warwick, RI-MA",
  "029": "Providence-Warwick, RI-MA",
  "350": "Birmingham-Hoover, AL",
  "351": "Birmingham-Hoover, AL",
  "352": "Birmingham-Hoover, AL",
  "140": "Buffalo-Cheektowaga, NY",
  "141": "Buffalo-Cheektowaga, NY",
  "142": "Buffalo-Cheektowaga, NY",
  "856": "Tucson, AZ",
  "857": "Tucson, AZ",
  "936": "Fresno, CA",
  "937": "Fresno, CA",
  "871": "Albuquerque, NM",
  "870": "Albuquerque, NM",
  "680": "Omaha-Council Bluffs, NE-IA",
  "681": "Omaha-Council Bluffs, NE-IA",
  "932": "Bakersfield, CA",
  "933": "Bakersfield, CA",
  "233": "Virginia Beach-Norfolk-Newport News, VA-NC",
  "234": "Virginia Beach-Norfolk-Newport News, VA-NC",
  "235": "Virginia Beach-Norfolk-Newport News, VA-NC",
  "236": "Virginia Beach-Norfolk-Newport News, VA-NC"
}
